id,Case Name,Case Id,Year,State,8: Structure Number,5A: Record Type,5B: Route Signing Prefix,5C: Designated Level of Service,5D: Route Number,5E: Directional Suffix,2: Highway Agency District,3: County (Parish) Code,4: Place Code,6A: Features Intersected,6B: Critical Facility Indicator,7: Facility Carried By Structure,9: Location,"10: Inventory Rte, Min Vert Clearance",11: Kilometerpoint,12: Base Highway Network,13A: LRS Inventory Route,13B: Subroute Number,Latitude,Longitude,19: Bypass/Detour Length,20: Toll,21: Maintenance Responsibility,22: Owner,26: Functional Class Of Inventory Rte.,Built in,Material,Construction Type,Deck,Super,Sub,Culvert,Lanes,28B: Lanes Under Structure,ADT,ADTT (% ADT),30: Year Of Average Daily Traffic,Design Load,32: Approach Roadway Width,33: Bridge Median,34: Skew,35: Structure Flared,36A: Bridge Railings,36B: Transitions,36C: Approach Guardrail,36D: Approach Guardrail Ends,37: Historical significance,38: Navigation Control,39: Navigation Vertical Clearance,40: Navigation Horizontal Clearance,41: Structure Open/Posted/Closed,42A: Type of Service On Bridge,42B: Type of Service Under Bridge,43A: Kind of Material/Design,43B: Type of Design/Construction,44A: Kind of Material/Design,44B: Type of Design/Construction,# Spans,46: Number Of Approach Spans,47: Inventory Rte Total Horz Clearance,Span Max Len,Struct Length,50A: Left Curb/Sidewalk Width,50B: Right Curb/Sidewalk Width,51: Bridge Roadway Width Curb-To-Curb,"52: Deck Width, Out-To-Out",53: Min Vert Clear Over Bridge Roadway,54A: Reference Feature,54B: Minimum Vertical Underclearance,55A: Reference Feature,55B: Minimum Lateral Underclearance,56: Min Lateral Underclear On Left,61: Channel/Channel Protection,63: Method Used To Determine Operating Rating,64: Operating Rating,65: Method Used To Determine Inventory Rating,66: Inventory Rating,67: Structural Evaluation,68: Deck Geometry,"69: Underclear, Vertical & Horizontal",Posting,71: Waterway Adequacy,72: Approach Roadway Alignment,75A: Type of Work Proposed,75B: Work Done By,76: Length Of Structure Improvement,90: Inspection Date,91: Designated Inspection Frequency,92A: Fracture Critical Details,92B: Underwater Inspection,92C: Other Special Inspection,93A: Fracture Critical Details Date,93B: Underwater Inspection Date,93C: Other Special Inspection Date,94: Bridge Improvement Cost,95: Roadway Improvement Cost,96: Total Project Cost,97: Year Of Improvement Cost Estimate,98A: Neighboring State Code,98B: Percent Responsibility,99: Border Bridge Structure Number,100: STRAHNET Highway Designation,101: Parallel Structure Designation,102: Direction Of Traffic,103: Temporary Structure Designation,104: Highway System Of Inventory Route,105: Federal Lands Highways,Reconst. Year,107: Deck Structure Type,Wearing Surface,Membrane,Deck Protection,110: DESIGNATED NATIONAL NETWORK,111: PIER/ABUTMENT PROTECTION,112: NBIS BRIDGE LENGTH,113: SCOUR CRITICAL BRIDGES,114: FUTURE AVERAGE DAILY TRAFFIC,115: YEAR OF FUTURE AVG DAILY TRAFFIC,116: MINIMUM NAVIGATION VERTICAL CLEARANCE VERTICAL LIFT BRIDGE,Federal Agency,SR
,FDR 259 at MIDDLE LOUP RIVER at 1.3 MI. E. OF THEDFORD,020701000003001,2018,317,020701000003001,1,6,0,00259,0,6,171,0,MIDDLE LOUP RIVER,,FDR 259,1.3 MI. E. OF THEDFORD,99.99,0.08,0,0000000000,0.0,41.97725833333334,-100.51086944444444,48,3,64,64,9,1965,Wood or Timber,Stringer/Multi-beam or Girder,7,7,7,N,1,0,30,,1994,0,6.1,0,0,0,N,N,N,N,4,0,0.0,0.0,A,1,5,7,2,0,1,3,0,99.9,7.3,22.3,0.3,0.3,4.1,4.7,99.99,N,0.0,N,0.0,0.0,7,8,30.1,8,23.3,6,5,N,5,8,8,,,0.0,817,24,N  ,N  ,N  ,,,,,,,,,,,0,N,3,,0,0,0.0,8,7,0,8,0,1.0,Y,5,45,2038,0.0,Y,74.9
,W BLUE HILL RD at STREAM at 1/2 E OF OSAGE AVE,C000114612,2018,317,C000114612,1,4,1,00146,0,4,1,0,STREAM,,W BLUE HILL RD,1/2 E OF OSAGE AVE,99.99,0.0,0,0000000000,0.0,40.37951388888889,-98.46745555555556,30,3,2,2,9,2017,Steel,Culvert (includes frame culverts),N,N,N,9,2,0,150,0.0,2003,A,8.5,0,0,0,N,N,N,N,5,0,0.0,0.0,A,1,5,3,19,0,0,4,0,8.5,1.8,10.1,0.0,0.0,0.0,0.0,99.99,N,0.0,N,30.4,30.5,8,3,32.7,3,32.7,9,N,N,5,7,8,,,,1217,24,N  ,N  ,N  ,,,,0.0,0.0,0.0,,,,,0,N,2,,0,0,0.0,N,N,N,N,0,1.0,Y,8,225,2033,,N,99.8
,RD 523 at BLACKSNAKE CREEK at 2.5N & 2E OF ELGIN,C000200210,2018,317,C000200210,1,4,1,00000,0,3,3,0,BLACKSNAKE CREEK,,RD 523,2.5N & 2E OF ELGIN,99.99,0.0,0,0000000000,0.0,42.024477777777776,-98.04682222222222,50,3,2,2,8,2017,Concrete,Culvert (includes frame culverts),N,N,N,9,2,0,75,0.0,2003,A,7.3,0,5,0,N,N,N,N,5,0,0.0,0.0,A,1,5,1,19,0,0,3,0,8.5,3.7,11.4,0.0,0.0,0.0,0.0,99.99,N,0.0,N,0.0,0.0,9,3,41.7,3,32.7,9,N,N,5,8,9,,,,917,24,N  ,N  ,N  ,,,,0.0,0.0,0.0,,,,,0,N,2,,0,0,0.0,N,8,0,0,0,,Y,8,100,2033,,N,99.8
,LOCAL RD at SOUTH CEDAR CREEK at 25/26T 11N R11E,C001313515,2018,317,C001313515,1,4,1,00000,0,2,25,0,SOUTH CEDAR CREEK,,LOCAL RD,25/26T 11N R11E,99.99,0.0,0,0000000000,0.0,40.894999999999996,-96.14,0,3,3,2,9,2017,Concrete,Culvert (includes frame culverts),N,N,N,9,2,0,40,0.0,2016,A,8.5,0,30,0,N,N,N,N,5,0,0.0,0.0,A,1,5,1,19,0,0,3,0,0.0,4.2,12.7,0.0,0.0,0.0,0.0,99.99,N,0.0,N,0.0,0.0,7,3,32.7,3,32.7,9,N,N,5,8,8,,,,418,24,N  ,N  ,N  ,,,,0.0,0.0,0.0,,,,,0,N,2,,0,0,0.0,N,N,N,N,0,1.0,Y,8,68,2036,,N,100.0
,CO RD L at STREAM at 3.25S & 0.5E HARVARD,C001802115,2018,317,C001802115,1,4,1,00021,0,4,35,0,STREAM,,CO RD L,3.25S & 0.5E HARVARD,99.99,0.0,0,0000000000,0.0,40.572,-98.08999999999999,50,3,2,2,9,2017,Concrete,Culvert (includes frame culverts),N,N,N,9,2,0,40,0.0,2003,A,8.5,0,0,0,N,N,N,N,5,N,0.0,0.0,A,1,5,1,19,0,0,2,0,0.0,3.0,6.3,0.0,0.0,0.0,0.0,99.99,N,1.5,N,0.0,0.0,9,3,32.7,3,32.7,9,N,N,5,8,5,,,,418,24,N  ,N  ,N  ,,,,0.0,0.0,0.0,,,,,0,N,2,,0,0,0.0,N,N,N,N,0,1.0,Y,8,68,2033,,N,98.9
,CO RD M at STREAM at 4N & 1W CLAY CENTER,C001802315,2018,317,C001802315,1,4,1,00023,0,4,35,0,STREAM,,CO RD M,4N & 1W CLAY CENTER,99.99,0.0,0,0000000000,0.0,40.580219444444445,-98.07060555555555,50,3,2,2,9,2017,Concrete,Culvert (includes frame culverts),N,N,N,9,2,0,40,0.0,2003,A,8.5,0,0,0,N,N,N,N,5,N,0.0,0.0,A,1,5,1,19,0,0,2,0,0.0,3.0,6.3,0.0,0.0,0.0,0.0,99.99,N,1.5,N,0.0,0.0,9,3,32.7,3,32.7,9,N,N,5,8,8,,,,418,24,N  ,N  ,N  ,,,,0.0,0.0,0.0,,,,,0,N,2,,0,0,0.0,N,N,N,N,0,1.0,Y,8,68,2033,,N,99.9
,CO RD 309 at STREAM at 4S & 1.75W CLAY CENTER,C001813410,2018,317,C001813410,1,4,1,00034,0,4,35,0,STREAM,,CO RD 309,4S & 1.75W CLAY CENTER,99.99,0.0,0,0000000000,0.0,40.466,-98.082,50,3,2,2,9,2017,Concrete,Culvert (includes frame culverts),N,N,N,9,2,0,40,0.0,2003,A,8.5,0,0,0,N,N,N,N,5,N,0.0,0.0,A,1,5,1,19,0,0,2,0,0.0,3.0,6.3,0.0,0.0,0.0,0.0,99.99,N,2.1,N,0.0,0.0,9,3,32.7,3,32.7,9,N,N,5,8,8,,,,418,24,N  ,N  ,N  ,,,,0.0,0.0,0.0,,,,,0,N,2,,0,0,0.0,N,N,N,N,0,1.0,Y,8,68,2033,,N,99.9
,CO RD 304 at STREAM at 0.5S & 4W ONG,C001824423,2018,317,C001824423,1,4,1,00044,0,4,35,0,STREAM,,CO RD 304,0.5S & 4W ONG,99.99,0.0,0,0000000000,0.0,40.394,-97.912,50,3,2,2,9,2017,Concrete,Culvert (includes frame culverts),N,N,N,9,2,0,40,0.0,2003,A,7.9,0,0,0,N,N,N,N,5,N,0.0,0.0,A,1,5,1,19,0,0,2,0,0.0,3.0,6.3,0.0,0.0,0.0,0.0,99.99,N,1.5,N,0.0,0.0,9,3,42.6,3,32.7,9,N,N,5,8,8,,,,418,24,N  ,N  ,N  ,,,,0.0,0.0,0.0,,,,,0,N,2,,0,0,0.0,N,N,N,N,0,1.0,Y,8,68,2033,,N,99.9
,COUNTY RD 2 at STREAM at 4.5S & 0.25E LEIGH,C001900325,2018,317,C001900325,1,4,1,00003,0,3,37,0,STREAM,,COUNTY RD 2,4.5S & 0.25E LEIGH,99.99,0.0,0,0000000000,0.0,41.639675,-97.23301111111111,30,3,2,2,9,2018,Steel,Culvert (includes frame culverts),N,N,N,9,2,0,50,0.0,2003,A,8.5,0,10,0,N,N,N,N,5,0,0.0,0.0,A,1,5,3,19,0,0,3,0,8.5,2.5,9.2,0.0,0.0,0.0,0.0,99.99,N,0.0,N,0.0,0.0,9,3,32.7,3,32.7,9,N,N,5,8,8,,,,218,24,N  ,N  ,N  ,,,,0.0,0.0,0.0,,,,,0,N,2,,0,0,0.0,N,N,N,N,0,1.0,Y,8,85,2033,,N,99.9
,COUNTY RD T at STREAM at 2.35S & 0.6W OF LEIGHT,C001901200,2018,317,C001901200,1,4,1,00011,0,3,37,0,STREAM,,COUNTY RD T,2.35S & 0.6W OF LEIGHT,99.99,0.0,0,0000000000,0.0,41.67069722222222,-97.24802777777778,30,3,2,2,9,2018,Steel,Culvert (includes frame culverts),N,N,N,9,2,0,30,0.0,2003,A,8.5,0,30,0,N,N,N,N,5,0,0.0,0.0,A,1,5,3,19,0,0,3,0,8.5,2.5,9.5,0.0,0.0,0.0,0.0,99.99,N,0.0,N,0.0,0.0,9,3,32.7,3,32.7,9,N,N,5,8,8,,,,218,24,N  ,N  ,N  ,,,,0.0,0.0,0.0,,,,,0,N,2,,0,0,0.0,N,N,N,N,0,1.0,Y,8,51,2033,,N,100.0
,CO RD M at STREAM at 8N 4W OF SCHUYLER,C001902313,2018,317,C001902313,1,4,1,00023,0,3,37,0,STREAM,,CO RD M,8N 4W OF SCHUYLER,99.99,0.0,0,0000000000,0.0,41.56872777777778,-97.12803888888888,0,3,2,2,9,2017,Steel,Culvert (includes frame culverts),N,N,N,9,2,0,50,0.0,2003,A,8.5,0,10,0,N,N,N,N,5,0,0.0,0.0,A,1,5,3,19,0,0,3,0,8.5,2.2,8.4,0.0,0.0,0.0,0.0,99.99,N,0.0,N,0.0,0.0,8,1,32.7,1,32.7,9,N,N,5,7,8,,,,417,24,N  ,N  ,N  ,,,,0.0,0.0,0.0,,,,,0,N,2,,0,0,0.0,N,N,N,N,0,1.0,Y,8,85,2033,,N,100.0
,CO RD 12 at POND CREEK at 4N 1E OF SCHUYLER,C001902630,2018,317,C001902630,1,4,1,00023,0,3,37,0,POND CREEK,,CO RD 12,4N 1E OF SCHUYLER,99.99,0.0,0,0000000000,0.0,41.522349999999996,-97.04025,0,3,2,2,9,2017,Steel,Culvert (includes frame culverts),N,N,N,9,2,0,50,0.0,2003,A,8.5,0,10,0,N,N,N,N,5,0,0.0,0.0,A,1,5,3,19,0,0,3,0,8.5,2.2,8.4,0.0,0.0,0.0,0.0,99.99,N,0.0,N,0.0,0.0,7,1,32.7,1,32.7,9,N,N,5,7,8,,,,417,24,N  ,N  ,N  ,,,,0.0,0.0,0.0,,,,,0,N,2,,0,0,0.0,N,N,N,N,0,1.0,Y,8,85,2033,,N,100.0
,COUNTY RD 2 at LODGEPOLE CREEK at CO SL,C002503220,2018,317,C002503220,1,4,1,00000,0,5,49,0,LODGEPOLE CREEK,,COUNTY RD 2,CO SL,99.99,0.0,0,0000000000,0.0,41.002472222222224,-102.38397222222223,50,3,2,2,9,1993,Prestressed concrete *,Tee Beam,8,7,7,N,2,0,27,0.0,2012,5,5.5,0,0,0,1,0,1,0,5,0,0.0,0.0,A,1,5,5,4,0,0,1,0,9.8,17.9,19.5,0.0,0.0,9.8,10.5,99.99,N,0.0,N,0.0,0.0,7,1,59.3,1,35.6,7,8,N,5,8,8,,,,1217,24,N  ,N  ,N  ,,,,0.0,0.0,0.0,,88.0,99.0,SED36.3-27.744A,0,L,2,,0,0,0.0,9,8,0,1,0,1.0,Y,8,42,2032,,N,98.9
,CO RD at STREAM at CO STATELINE,C002503230,2018,317,C002503230,1,4,1,00000,0,5,49,0,STREAM,,CO RD,CO STATELINE,99.99,0.0,0,0000000000,0.0,41.00241944444444,-102.23236111111112,0,3,27,27,9,1935,Wood or Timber,Stringer/Multi-beam or Girder,5,5,5,N,1,0,10,0.0,2003,A,6.9,0,0,0,0,0,0,0,5,N,0.0,0.0,A,1,5,7,2,0,0,1,0,8.2,12.1,12.1,0.0,0.0,6.9,7.5,99.99,N,0.0,N,0.0,0.0,5,3,32.7,3,32.7,5,5,N,5,4,4,,,,218,24,N  ,N  ,N  ,,,,0.0,0.0,0.0,,88.0,0.0,             -1,0,N,3,,0,0,0.0,8,8,0,0,0,1.0,Y,4,12,2033,,N,80.0
,583 AVE at STREAM at 0.6S & 2.5W MARTINSBURG,C002611500,2018,317,C002611500,1,4,1,00115,0,3,51,0,STREAM,,583 AVE,0.6S & 2.5W MARTINSBURG,99.99,0.0,0,0000000000,0.0,42.498733333333334,-96.878875,50,3,2,2,9,2016,Steel,Stringer/Multi-beam or Girder,9,9,9,N,2,0,10,0.0,2003,A,6.4,0,0,0,1,N,N,N,5,0,0.0,0.0,A,1,5,3,2,0,0,1,0,7.3,18.3,18.7,0.0,0.0,7.3,7.5,99.99,N,0.0,N,0.0,0.0,7,3,49.9,3,38.1,9,N,N,5,8,8,,,,318,24,N  ,N  ,N  ,,,,0.0,0.0,0.0,,,,,0,N,0,,0,0,0.0,1,1,0,0,0,1.0,Y,8,17,2033,,N,99.9
,MARINDA STREET at STREAM at 208&#39; WEST OF 208TH ST,C002820420,2018,317,C002820420,1,5,1,00000,0,2,55,0,STREAM,,MARINDA STREET,208&#39; WEST OF 208TH ST,99.99,0.0,0,0000000000,0.0,41.23757222222223,-96.24358611111111,30,3,2,2,19,2016,Prestressed concrete *,Stringer/Multi-beam or Girder,7,8,8,N,2,0,100,0.0,2011,5,7.6,0,50,0,1,1,1,1,5,0,0.0,0.0,A,1,5,5,2,0,0,1,0,8.5,23.2,23.2,2.1,2.1,8.5,8.5,99.99,N,0.0,N,0.0,0.0,7,0,42.5,0,32.7,8,7,N,5,8,7,,,,816,24,N  ,N  ,N  ,,,,0.0,0.0,0.0,,,,,0,N,2,,0,0,0.0,1,1,0,1,0,1.0,Y,U,200,2033,,N,99.9
,208TH STREET at STREAM at 300&#39; S OF BLUE SAGE P,C002820422,2018,317,C002820422,1,5,1,00000,0,2,55,0,STREAM,,208TH STREET,300&#39; S OF BLUE SAGE P,99.99,0.0,0,0000000000,0.0,41.23905833333333,-96.24200555555555,30,3,2,2,19,2016,Steel,Culvert (includes frame culverts),N,N,N,8,2,0,100,0.0,2011,A,7.6,0,0,0,N,N,N,N,5,0,0.0,0.0,A,1,5,3,19,0,0,2,0,12.2,3.0,6.8,2.3,2.3,7.6,7.6,99.99,N,0.0,N,1.8,1.8,8,1,41.7,1,32.7,8,6,N,5,8,8,,,,816,24,N  ,N  ,N  ,,,,0.0,0.0,0.0,,,,,0,N,2,,0,0,0.0,N,N,N,N,0,1.0,Y,8,200,2033,,N,99.9
,HWS CLEVELAND BLVD at STREAM at 350' E OF 180TH ST,C002820426,2018,317,C002820426,1,5,1,00000,0,2,55,0,STREAM,,HWS CLEVELAND BLVD,350' E OF 180TH ST,99.99,0.0,0,0000000000,0.0,41.28157777777778,-96.19520555555556,0,3,2,2,19,2016,Prestressed concrete *,Stringer/Multi-beam or Girder,8,9,9,N,2,0,400,0.0,2011,A,7.6,0,14,0,1,N,N,N,5,0,0.0,0.0,A,1,5,5,2,0,0,1,0,8.5,25.1,25.1,2.1,2.1,8.5,13.5,99.99,N,0.0,N,0.0,0.0,8,3,32.7,3,32.7,9,6,N,5,8,8,,,,817,24,N  ,N  ,N  ,,,,0.0,0.0,0.0,,,,,0,N,2,,0,0,0.0,1,1,0,1,0,,Y,8,650,2033,,N,100.0
,ROAD V at STREAM at SEC. 13/24-T5N-R2W,C003004412,2018,317,C003004412,1,4,1,00000,0,4,59,0,STREAM,,ROAD V,SEC. 13/24-T5N-R2W,99.99,0.0,0,0000000000,0.0,40.39406666666667,-97.49718888888889,0,3,2,2,9,2017,Steel,Culvert (includes frame culverts),N,N,N,9,2,0,50,0.0,2003,A,8.5,0,20,0,N,N,N,N,5,0,0.0,0.0,A,1,5,3,19,0,0,3,0,8.5,1.9,7.7,0.0,0.0,0.0,0.0,99.99,N,0.0,N,0.0,0.0,6,3,39.9,3,39.9,9,N,N,5,6,8,,,,717,24,N  ,N  ,N  ,,,,0.0,0.0,0.0,,,,,0,N,2,,0,0,0.0,N,N,N,N,0,1.0,Y,8,75,2033,,N,100.0
,ROAD V at STREAM at SEC. 13/24-T5N-R2W,C003004414,2018,317,C003004414,1,4,1,00000,0,4,59,0,STREAM,,ROAD V,SEC. 13/24-T5N-R2W,99.99,0.0,0,0000000000,0.0,40.394083333333334,-97.49450277777778,0,3,2,2,9,2017,Steel,Culvert (includes frame culverts),N,N,N,9,2,0,50,0.0,2003,A,8.5,0,45,0,N,N,N,N,5,0,0.0,0.0,A,1,5,3,19,0,0,3,0,8.5,2.6,10.2,0.0,0.0,0.0,0.0,99.99,N,0.0,N,0.0,0.0,6,3,39.9,3,39.9,9,N,N,5,6,8,,,,717,24,N  ,N  ,N  ,,,,0.0,0.0,0.0,,,,,0,N,2,,0,0,0.0,N,N,N,N,0,,Y,8,75,2033,,N,100.0
,ROAD 15 at INDIAN CREEK at 2S 1.5E OF FAIRMONT,C003012923,2018,317,C003012923,1,4,1,00000,0,4,59,0,INDIAN CREEK,,ROAD 15,2S 1.5E OF FAIRMONT,99.99,0.0,0,0000000000,0.0,40.61046944444445,-97.55920555555555,50,3,2,2,19,2017,Concrete,Culvert (includes frame culverts),N,N,N,9,2,0,50,0.0,2003,A,7.3,0,0,0,N,N,N,N,5,0,0.0,0.0,A,1,5,1,19,0,0,2,0,8.5,3.7,8.0,0.0,0.0,0.0,0.0,99.99,N,0.0,N,0.0,0.0,7,3,53.5,3,41.7,9,N,N,5,8,8,,,,317,24,N  ,N  ,N  ,,,,0.0,0.0,0.0,,,,,0,N,2,,0,0,0.0,N,N,N,N,0,1.0,Y,8,55,2033,,N,99.8
,KS STATELINE at MIDDLE BEAVER CREEK TRIB at 7.7W OF REAMSVILLE KS,C003115015,2018,317,C003115015,1,4,1,00000,0,7,61,0,MIDDLE BEAVER CREEK TRIB,,KS STATELINE,7.7W OF REAMSVILLE KS,99.99,0.0,0,0000000000,0.0,40.00225555555556,-99.00626666666666,130,3,2,2,9,1945,Wood or Timber,Stringer/Multi-beam or Girder,6,5,5,N,2,0,10,0.0,2014,0,6.7,0,0,0,0,0,0,0,3,0,0.0,0.0,P,1,5,7,2,0,0,1,0,6.1,6.7,7.3,0.0,0.0,6.1,6.1,99.99,N,0.0,N,30.5,0.0,6,2,10.0,2,3.6,2,5,N,0,6,8,31.0,1.0,8.5,217,24,N  ,N  ,N  ,,,,0.0,0.0,0.0,,207.0,50.0,000920643303000,0,N,2,,0,0,0.0,8,8,0,0,0,,Y,5,15,2037,,N,39.8
,CO RD A at TRIB. TO SAPPA CREEK at 7.5W 11.0N OF NORTON KS,C003315013,2018,317,C003315013,1,4,1,00000,0,7,65,0,TRIB. TO SAPPA CREEK,,CO RD A,7.5W 11.0N OF NORTON KS,99.99,0.0,0,0000000000,0.0,40.00163055555556,-100.03314999999999,160,3,2,2,9,1991,Steel,Stringer/Multi-beam or Girder,7,6,7,N,2,0,20,0.0,2012,0,7.9,0,0,0,0,0,0,0,4,0,0.0,0.0,A,1,5,3,2,0,0,1,0,7.9,7.6,7.9,0.0,0.0,7.9,8.1,99.99,N,0.0,N,0.0,0.0,7,2,43.5,2,29.9,6,6,N,5,7,8,,,,516,24,N  ,N  ,N  ,,,,0.0,0.0,0.0,,207.0,50.0,000690533303000,0,N,2,,0,0,0.0,6,8,0,0,0,,Y,5,20,2034,,N,90.6
,CO RD A at SAPPA CREEK at 10.0N 5.5W OF NORTON KS,C003315025,2018,317,C003315025,1,4,1,00000,0,7,65,0,SAPPA CREEK,,CO RD A,10.0N 5.5W OF NORTON KS,99.99,0.0,0,0000000000,0.0,40.00165833333333,-99.99268611111111,160,3,2,2,9,1996,Concrete continuous,Slab,7,7,8,N,2,0,15,0.0,2012,5,7.9,0,0,0,1,1,1,1,3,0,0.0,0.0,A,1,5,2,1,0,0,3,0,7.9,14.0,36.0,0.0,0.0,7.9,8.5,99.99,N,0.0,N,0.0,0.0,7,1,43.5,1,31.8,7,6,N,5,8,8,31.0,,4320.0,416,24,N  ,N  ,N  ,,,,0.0,0.0,0.0,,207.0,50.0,000690537403000,0,N,2,,0,0,0.0,1,0,0,0,0,,Y,5,15,2034,,N,94.7
,CO RD A at TRIB. TO SAPPA CREEK at 5.8W 7.5N OF ALMENA KS,C003335005,2018,317,C003335005,1,4,1,06923,0,7,65,0,TRIB. TO SAPPA CREEK,,CO RD A,5.8W 7.5N OF ALMENA KS,99.99,0.0,0,0000000000,0.0,40.001525,-99.81502777777777,130,3,2,2,8,2005,Steel,Stringer/Multi-beam or Girder,8,8,7,N,2,0,35,0.0,2012,5,7.3,0,0,0,0,0,0,0,5,0,0.0,0.0,A,1,5,3,2,0,0,1,0,7.9,14.3,14.6,0.0,0.0,7.9,7.9,99.99,N,0.0,N,30.4,0.0,7,1,59.0,1,40.8,7,6,N,5,8,8,31.0,1.0,20.5,716,24,N  ,N  ,N  ,,,,0.0,0.0,0.0,,207.0,50.0,000690557003000,0,N,2,,0,0,0.0,6,6,0,0,0,,Y,5,35,2034,,N,94.5
,KS STATELINE at TRIB. TO INDIAN CREEK at 7.6N 0.4W OF HERKIMER KS,C003407420,2018,317,C003407420,1,4,1,00000,0,1,67,0,TRIB. TO INDIAN CREEK,,KS STATELINE,7.6N 0.4W OF HERKIMER KS,99.99,0.0,0,0000000000,0.0,40.00148055555555,-96.71987777777778,30,3,2,2,9,1930,Steel,Stringer/Multi-beam or Girder,5,5,5,N,2,0,10,0.0,2007,0,5.5,0,0,0,0,0,0,0,3,0,0.0,0.0,P,1,5,3,2,0,0,1,0,4.9,6.7,7.3,0.0,0.0,4.9,4.9,99.99,N,0.0,N,30.4,0.0,5,2,17.2,2,11.8,4,3,N,3,5,8,31.0,1.0,18.3,317,24,N  ,N  ,N  ,,,,0.0,0.0,0.0,,207.0,50.0,000580885603000,0,N,2,,0,0,0.0,8,7,0,0,0,,Y,5,10,2029,,N,44.0
,KS STATELINE at INDIAN CREEK at 7.5N 0.2E OF HERKIMER KS,C003407425,2018,317,C003407425,1,4,1,00000,0,1,67,0,INDIAN CREEK,,KS STATELINE,7.5N 0.2E OF HERKIMER KS,99.99,0.0,0,0000000000,0.0,40.001466666666666,-96.70673611111111,30,3,2,2,9,1921,Concrete,Slab,6,5,5,N,2,0,10,0.0,2007,0,7.0,0,0,0,0,0,0,0,3,0,0.0,0.0,P,1,5,1,1,0,0,1,0,5.5,6.7,7.3,0.0,0.0,5.5,6.1,99.99,N,0.0,N,30.4,0.0,5,2,26.3,2,15.4,4,4,N,5,5,8,31.0,,7.3,315,24,N  ,N  ,N  ,,,,0.0,0.0,0.0,2029.0,207.0,50.0,000580887303000,0,N,2,,0,0,0.0,1,8,0,0,0,,Y,4,10,2029,,N,54.2
,KS STATELINE at SPRING CREEK at 2.5N 0.5W OF OKETO KS,C003407427,2018,317,C003407427,1,4,1,00000,0,1,67,0,SPRING CREEK,,KS STATELINE,2.5N 0.5W OF OKETO KS,99.99,0.0,0,0000000000,0.0,40.00105555555555,-96.61044722222222,999,3,2,2,9,1900,Steel,Truss - Thru,5,4,4,N,2,0,10,0.0,2007,0,4.9,0,0,0,0,0,0,0,3,0,0.0,0.0,P,1,5,3,10,0,0,1,0,4.8,12.2,12.8,0.0,0.0,4.8,4.9,99.99,N,0.0,N,30.4,0.0,6,2,12.7,2,9.1,2,2,N,1,6,4,31.0,1.0,25.9,616,24,Y24,N  ,N  ,616.0,,,0.0,0.0,0.0,,207.0,50.0,000580897503000,0,N,2,,0,0,0.0,8,7,0,0,0,,Y,4,10,2029,,N,23.0
,KS STATELINE at MISSION CREEK at 6.0W OF SUMMERFIELD KS,C003437435,2018,317,C003437435,1,4,1,05813,0,1,67,0,MISSION CREEK,,KS STATELINE,6.0W OF SUMMERFIELD KS,99.99,0.0,0,0000000000,0.0,40.000994444444444,-96.4830861111111,30,3,2,2,8,1930,Steel,Truss - Thru,5,6,6,N,1,0,30,0.0,2007,0,6.1,0,0,0,0,0,0,0,3,0,0.0,0.0,P,1,5,3,10,3,2,1,2,4.8,24.4,34.1,0.0,0.0,4.8,4.8,99.99,N,0.0,N,0.0,0.0,6,2,13.6,2,10.0,2,8,N,0,6,8,31.0,1.0,36.6,1016,24,Y24,N  ,N  ,1016.0,,,0.0,0.0,0.0,,207.0,50.0,000580911903000,0,N,3,,0,0,0.0,8,7,0,0,0,,Y,U,30,2029,,N,46.6
,711TH RD at LITTLE BLUE RIVER TRIB at NJCT N8/N15 0.6N 1.5E,C004813216,2018,317,C004813216,1,4,1,02880,0,1,95,0,LITTLE BLUE RIVER TRIB,,711TH RD,NJCT N8/N15 0.6N 1.5E,99.99,0.0,0,0000000000,0.0,40.13195277777778,-97.14429444444445,30,3,2,2,7,2017,Concrete,Culvert (includes frame culverts),N,N,N,9,2,0,650,0.0,2011,A,7.3,0,30,0,N,N,N,N,5,0,0.0,0.0,A,1,5,1,19,0,0,2,0,9.8,3.5,7.3,0.0,0.0,0.0,0.0,99.99,N,0.0,N,0.0,0.0,8,3,38.1,3,29.0,7,N,N,5,7,9,,,,1217,24,N  ,N  ,N  ,,,,0.0,0.0,0.0,,,,,0,N,2,,0,0,0.0,N,N,N,N,0,1.0,Y,8,650,2033,,N,97.0
,711TH RD at ELM CREEK at 4E OF FAIRBURY,C004813219,2018,317,C004813219,1,4,1,02880,0,1,95,0,ELM CREEK,,711TH RD,4E OF FAIRBURY,99.99,0.0,0,0000000000,0.0,40.131822222222226,-97.08154444444445,30,3,2,2,7,2017,Concrete,Culvert (includes frame culverts),N,N,N,9,2,0,150,0.0,2002,A,7.3,0,30,0,N,N,N,N,5,0,0.0,0.0,A,1,5,1,19,0,0,2,0,9.8,3.5,7.3,0.0,0.0,0.0,0.0,99.99,N,0.0,N,0.0,0.0,8,3,48.1,3,37.2,9,N,N,5,7,8,,,,1217,24,N  ,N  ,N  ,,,,0.0,0.0,0.0,,,,,0,N,2,,0,0,0.0,N,N,N,N,0,,Y,8,225,2033,,N,99.8
,725 RD at YANKEE CREEK TRIB at 1 N OF CRAB ORCHARD,C004902805,2018,317,C004902805,1,4,1,00000,0,1,97,0,YANKEE CREEK TRIB,,725 RD,1 N OF CRAB ORCHARD,99.99,0.0,0,0000000000,0.0,40.334966666666666,-96.41494444444444,0,3,2,2,9,2017,Concrete,Culvert (includes frame culverts),N,N,N,9,2,0,75,0.0,2003,A,8.5,0,35,0,N,N,N,N,5,0,0.0,0.0,A,1,5,1,19,0,0,2,0,8.5,4.5,9.2,0.0,0.0,0.0,0.0,99.99,N,0.0,N,0.0,0.0,7,1,41.7,1,32.7,9,N,N,5,8,8,,,,717,24,N  ,N  ,N  ,,,,0.0,0.0,0.0,,,,,0,N,2,,0,0,0.0,N,N,N,N,0,1.0,Y,8,150,2033,,N,100.0
,611 AVE at STREAM at 1S .5E STERLING,C004931110,2018,317,C004931110,1,4,1,00000,0,1,97,0,STREAM,,611 AVE,1S .5E STERLING,99.99,0.0,0,0000000000,0.0,40.44736944444444,-96.36911666666666,0,3,2,2,9,2016,Prestressed concrete *,Stringer/Multi-beam or Girder,9,9,9,N,2,0,50,0.0,2003,5,8.5,0,20,0,1,1,1,1,5,0,0.0,0.0,A,1,5,5,2,0,0,4,0,8.5,22.9,81.4,0.0,0.0,8.5,9.2,99.99,N,0.0,N,0.0,0.0,8,1,65.3,1,35.5,9,7,N,5,8,8,,,,717,24,N  ,N  ,N  ,,,,0.0,0.0,0.0,,,,,0,N,2,,0,0,0.0,1,1,0,0,0,1.0,Y,8,75,2033,,N,100.0
,634 AVE at STREAM at 1N 3W OF JOHNSON,C006401527,2018,317,C006401527,1,4,1,03670,0,1,127,0,STREAM,,634 AVE,1N 3W OF JOHNSON,99.99,0.0,0,0000000000,0.0,40.42413333333333,-95.93393888888889,0,3,2,2,7,2017,Steel,Culvert (includes frame culverts),N,N,N,9,2,0,55,0.0,2011,A,8.5,0,0,0,N,N,N,N,5,0,0.0,0.0,A,1,5,3,19,0,0,2,0,8.5,2.7,6.4,0.0,0.0,0.0,0.0,0.0,N,0.0,N,0.0,0.0,9,1,32.7,1,32.7,9,N,N,5,9,9,,,,317,24,N  ,N  ,N  ,,,,0.0,0.0,0.0,,,,,0,N,2,,0,0,0.0,N,N,N,N,0,1.0,Y,8,55,2033,,N,98.0
,W DUNNAVANT AVE at STREAM at 0.8E GAGE COUNTY LINE,C006703805,2018,317,C006703805,1,4,1,00000,0,1,133,0,STREAM,,W DUNNAVANT AVE,0.8E GAGE COUNTY LINE,99.99,0.0,0,0000000000,0.0,40.000997222222225,-96.44837777777778,30,3,2,2,9,2016,Steel,Stringer/Multi-beam or Girder,8,8,8,N,2,0,30,0.0,2016,A,7.3,0,0,0,0,0,0,0,5,N,0.0,0.0,A,1,5,3,2,0,0,1,0,7.3,14.8,15.2,0.0,0.0,7.3,7.5,99.99,N,0.0,N,0.0,0.0,6,3,74.4,3,44.5,8,6,N,5,7,7,,,,817,24,N  ,N  ,N  ,,,,0.0,0.0,0.0,,207.0,50.0,000580913803000,0,N,2,,0,0,0.0,1,1,0,0,0,1.0,Y,5,30,2037,,N,97.0
,STATELINE RD at WILDCAT CREEK at KS STATELINE,C006703825,2018,317,C006703825,1,4,1,00000,0,1,133,0,WILDCAT CREEK,,STATELINE RD,KS STATELINE,99.99,0.0,0,0000000000,0.0,40.000861111111114,-96.24255833333333,60,3,2,2,9,1995,Steel,Stringer/Multi-beam or Girder,8,8,8,N,2,0,10,0.0,2007,0,5.8,0,0,0,0,0,0,0,5,0,0.0,0.0,A,1,5,3,2,0,0,1,0,5.9,14.9,15.5,0.0,0.0,5.9,6.1,99.99,N,0.0,N,30.4,0.0,5,2,68.9,2,40.8,8,4,N,5,7,7,,,,417,24,N  ,N  ,N  ,,,,0.0,0.0,0.0,,207.0,50.0,000580935903000,0,N,2,,0,0,0.0,6,1,0,0,0,,Y,5,10,2029,,N,94.9
,KS STATE LINE RD at STREAM at 7.5S & 3.5W PAWNEE CITY,C006703827,2018,317,C006703827,1,4,1,00000,0,1,133,0,STREAM,,KS STATE LINE RD,7.5S & 3.5W PAWNEE CITY,99.99,0.0,0,0000000000,0.0,40.000861111111114,-96.22372222222222,60,3,2,2,9,1975,Steel,Stringer/Multi-beam or Girder,6,6,5,N,2,0,10,0.0,2007,5,6.1,0,0,0,0,0,0,0,5,N,0.0,0.0,P,1,5,3,2,0,0,1,0,6.0,9.8,9.8,0.1,0.1,6.1,6.2,99.99,N,0.0,N,0.0,0.0,6,1,20.0,1,12.7,4,5,N,2,7,8,,,,616,24,N  ,N  ,N  ,,,,0.0,0.0,0.0,,207.0,50.0,000660937803000,0,N,2,,0,0,0.0,1,8,0,0,0,1.0,Y,8,10,2029,,N,55.4
,710 TR at STREAM at 1.5E OF PAWNEE CITY,C006721220,2018,317,C006721220,1,4,1,00000,0,1,133,0,STREAM,,710 TR,1.5E OF PAWNEE CITY,99.99,0.0,0,0000000000,0.0,40.12356388888889,-96.09327499999999,0,3,2,2,9,2017,Steel,Culvert (includes frame culverts),N,N,N,9,2,0,50,0.0,2003,A,8.5,0,0,0,N,N,N,N,5,0,0.0,0.0,A,1,5,3,19,0,0,3,0,8.5,2.4,9.1,0.0,0.0,0.0,0.0,99.99,N,0.0,N,0.0,0.0,8,3,32.7,3,32.7,9,N,N,5,9,8,,,,617,24,N  ,N  ,N  ,,,,0.0,0.0,0.0,,,,,0,N,2,,0,0,0.0,N,N,N,N,0,1.0,Y,8,75,2033,,N,100.0
,720 RD at STREAM at 2N 1.25W OF STELLA,C007400210,2018,317,C007400210,1,4,1,00000,0,1,147,0,STREAM,,720 RD,2N 1.25W OF STELLA,99.99,0.0,0,0000000000,0.0,40.26168333333333,-95.79760555555555,0,3,2,2,9,2017,Steel,Culvert (includes frame culverts),N,N,N,9,2,0,15,0.0,2003,A,7.9,0,20,0,N,N,N,N,5,0,0.0,0.0,A,1,5,3,19,0,0,2,0,7.9,2.9,6.8,0.0,0.0,0.0,0.0,99.99,N,0.0,N,0.0,0.0,8,0,32.7,0,32.7,9,N,N,5,7,8,,,,917,24,N  ,N  ,N  ,,,,0.0,0.0,0.0,,,,,0,N,2,,0,0,0.0,N,N,N,N,0,1.0,Y,8,20,2033,,N,100.0
,RD C-6/KS SL at STREAM at 2.0N OF BERN,C007403805,2018,317,C007403805,1,4,1,00000,0,1,147,0,STREAM,,RD C-6/KS SL,2.0N OF BERN,99.99,0.0,0,0000000000,0.0,40.001,-95.967,100,3,2,2,9,2016,Steel,Stringer/Multi-beam or Girder,8,8,8,N,2,0,10,0.0,2008,A,6.7,0,0,0,0,0,0,0,5,0,0.0,0.0,A,1,5,3,2,0,0,1,0,6.9,9.1,9.8,0.0,0.0,6.9,7.3,99.99,N,0.0,N,0.0,0.0,7,3,46.3,3,35.4,8,N,N,0,8,8,,,,916,24,N  ,N  ,Y24,,,617.0,0.0,0.0,0.0,,207.0,50.0,000660965303000,0,N,3,,0,0,0.0,1,8,0,0,0,1.0,Y,8,15,2030,,N,96.2
,CO RD 240/KS SL at FOUR MILE CREEK at KS SL,C007403813,2018,317,C007403813,1,4,1,00000,0,1,147,0,FOUR MILE CREEK,,CO RD 240/KS SL,KS SL,99.99,0.0,0,0000000000,0.0,39.999833333333335,-95.96661111111112,0,3,2,2,9,2013,Steel,Stringer/Multi-beam or Girder,8,8,8,N,2,0,10,0.0,2008,5,6.1,0,0,0,0,0,0,0,5,0,0.0,0.0,A,1,5,3,2,0,0,1,0,6.1,17.8,18.3,0.1,0.1,7.3,7.4,99.99,N,0.0,N,0.0,0.0,7,1,71.7,1,42.6,8,6,N,5,7,8,,,,716,24,N  ,N  ,N  ,,,,0.0,0.0,0.0,,207.0,50.0,000660965603000,0,N,2,,0,0,0.0,1,4,0,0,0,1.0,Y,5,15,2030,,N,97.0
,KS SL at STREAM at 1.6N 0.5W OF RESERVE KS,C007413850,2018,317,C007413850,1,4,1,00000,0,1,147,0,STREAM,,KS SL,1.6N 0.5W OF RESERVE KS,99.99,0.0,0,0000000000,0.0,40.00021111111111,-95.57201388888889,100,3,2,2,9,1980,Steel,Stringer/Multi-beam or Girder,7,7,7,N,2,0,40,0.0,2014,5,5.5,0,0,0,0,0,0,0,5,0,0.0,0.0,P,1,5,3,2,0,0,1,0,7.9,8.8,9.1,0.0,0.0,7.9,7.9,99.99,N,0.0,N,0.0,0.0,6,2,26.3,2,15.4,4,6,N,5,6,7,,,,116,24,N  ,N  ,N  ,,,,0.0,0.0,0.0,,207.0,50.0,000071007603000,0,N,2,,0,0,0.0,1,0,0,0,0,1.0,Y,5,44,2031,,N,71.1
,KS SL at WALNUT CREEK at 1.5N 0.2W OF RESERVE KS,C007413855,2018,317,C007413855,1,4,1,00000,0,1,147,0,WALNUT CREEK,,KS SL,1.5N 0.2W OF RESERVE KS,99.99,0.0,0,0000000000,0.0,40.00024722222222,-95.56548888888888,100,3,2,2,9,2002,Concrete continuous,Slab,8,8,8,N,2,0,45,0.0,2014,5,7.4,0,0,0,1,1,1,1,5,0,0.0,0.0,A,1,5,2,1,0,0,3,0,7.4,17.6,44.9,0.0,0.0,7.3,8.0,99.99,N,0.0,N,0.0,0.0,7,1,68.9,1,40.8,8,6,N,5,7,8,,,,116,24,N  ,N  ,N  ,,,,0.0,0.0,0.0,,207.0,50.0,000071007903000,0,N,2,,0,0,0.0,1,1,0,0,0,1.0,Y,9,50,2031,,N,99.0
,KS STATELINE at STREAM at 1.5N 1.0E OF RESERVE KS,C007413857,2018,317,C007413857,1,4,1,00000,0,1,147,0,STREAM,,KS STATELINE,1.5N 1.0E OF RESERVE KS,99.99,0.0,0,0000000000,0.0,40.00021666666667,-95.54038333333334,100,3,2,2,9,2010,Concrete continuous,Slab,8,8,8,N,2,0,15,0.0,2004,5,7.9,0,0,0,1,1,1,1,5,0,0.0,0.0,A,1,5,2,1,0,0,3,0,7.9,13.4,34.4,0.1,0.1,7.9,8.5,99.99,N,0.0,N,0.0,0.0,8,1,71.7,1,42.6,8,6,N,5,7,6,,,,116,24,N  ,N  ,N  ,,,,0.0,0.0,0.0,,207.0,50.0,000071011203000,0,N,2,,0,0,0.0,1,1,0,0,0,1.0,Y,5,20,2034,,N,99.1
,CO RD A at STREAM at SEW/LANC/SALINE BOARDER,C007600290,2018,317,C007600290,1,4,1,00000,0,1,151,0,STREAM,,CO RD A,SEW/LANC/SALINE BOARDER,99.99,0.0,0,0000000000,0.0,40.69797777777777,-96.91516111111112,0,3,2,2,9,2017,Steel,Culvert (includes frame culverts),N,N,N,9,2,0,1000,0.0,2003,A,8.5,0,30,0,N,N,N,N,5,0,0.0,0.0,A,1,5,3,19,0,0,2,0,8.5,2.8,6.7,0.0,0.0,0.0,0.0,99.99,N,0.0,N,0.0,0.0,8,1,32.7,1,32.7,9,N,N,5,8,8,,,,617,24,N  ,N  ,N  ,,,,0.0,0.0,0.0,,,,,0,N,2,,0,0,0.0,N,N,N,N,0,1.0,Y,8,1500,2033,,N,100.0
,COUNTY RD L at DRY BRANCH at 7S 2W OF FRIEND,C007602415,2018,317,C007602415,1,4,1,00024,0,1,151,0,DRY BRANCH,,COUNTY RD L,7S 2W OF FRIEND,99.99,0.0,0,0000000000,0.0,40.53886111111111,-97.32057777777777,0,3,2,2,9,2017,Steel,Culvert (includes frame culverts),N,N,N,9,2,0,30,0.0,2003,A,8.5,0,0,0,N,N,N,N,5,0,0.0,0.0,A,1,5,3,19,0,0,3,0,8.5,2.1,8.0,0.0,0.0,0.0,0.0,99.99,N,0.0,N,0.0,0.0,7,1,41.7,1,32.7,9,N,N,5,6,8,,,,317,24,N  ,N  ,N  ,,,,0.0,0.0,0.0,,,,,0,N,2,,0,0,0.0,N,N,N,N,0,1.0,Y,8,43,2033,,N,100.0
,CO RD U at STREAM at 0.5S & 0.25E TOBIAS,C007604230,2018,317,C007604230,1,4,1,00042,0,1,151,0,STREAM,,CO RD U,0.5S & 0.25E TOBIAS,99.99,0.0,0,0000000000,0.0,40.408405555555554,-97.327,30,3,2,2,9,2017,Steel,Culvert (includes frame culverts),N,N,N,9,2,0,15,0.0,2003,A,8.5,0,0,0,N,N,N,N,5,0,0.0,0.0,A,1,5,3,19,0,0,3,0,8.5,2.1,8.2,0.0,0.0,0.0,0.0,99.99,N,0.0,N,0.0,0.0,8,3,95.3,3,95.3,9,N,N,5,8,8,,,,318,24,N  ,N  ,N  ,,,,0.0,0.0,0.0,,,,,0,N,2,,0,0,0.0,N,N,N,N,0,,Y,8,25,2030,,N,100.0
,COUNTY RD II at STREAM at 0.8S & 0.3E PLEASANT HILL,C007612005P,2018,317,C007612005P,1,4,1,00020,0,1,151,0,STREAM,,COUNTY RD II,0.8S & 0.3E PLEASANT HILL,99.99,0.0,0,0000000000,0.0,40.57466111111111,-97.075375,60,3,2,2,9,2017,Steel,Culvert (includes frame culverts),N,N,N,9,2,0,10,0.0,2003,A,8.5,0,0,0,N,N,N,N,5,0,0.0,0.0,A,1,5,3,19,0,0,3,0,8.5,2.4,9.1,0.0,0.0,0.0,0.0,99.99,N,0.0,N,0.0,0.0,7,3,73.5,3,73.5,9,N,N,5,9,8,,,,318,24,N  ,N  ,N  ,,,,0.0,0.0,0.0,,,,,0,N,2,,0,0,0.0,N,N,N,N,0,,Y,8,14,2033,,N,99.9
,CO RD Q at STREAM at 6.3W &1S JCT 103/41,C007613445,2018,317,C007613445,1,4,1,00034,0,1,151,0,STREAM,,CO RD Q,6.3W &1S JCT 103/41,99.99,0.0,0,0000000000,0.0,40.782608333333336,-97.14437222222222,30,3,2,2,9,2017,Steel,Culvert (includes frame culverts),N,N,N,9,2,0,25,0.0,2003,A,8.5,0,0,0,N,N,N,N,5,0,0.0,0.0,A,1,5,3,19,0,0,3,0,8.5,2.4,9.1,0.0,0.0,0.0,0.0,99.99,N,0.0,N,0.0,0.0,8,3,74.4,3,74.4,9,N,N,5,6,8,,,,318,24,N  ,N  ,N  ,,,,0.0,0.0,0.0,,,,,0,N,2,,0,0,0.0,N,N,N,N,0,,Y,8,42,2033,,N,100.0
,S SHIMERDA ST at STREAM at 0.25S WILBER,C007614302,2018,317,C007614302,1,4,1,00043,0,1,151,0,STREAM,,S SHIMERDA ST,0.25S WILBER,99.99,0.0,0,0000000000,0.0,40.47115277777778,-96.97024722222223,20,3,2,2,9,2017,Steel,Culvert (includes frame culverts),N,N,N,9,2,0,25,0.0,2003,A,8.5,0,0,0,N,N,N,N,5,0,0.0,0.0,A,1,5,3,19,0,0,3,0,8.5,2.1,8.2,0.0,0.0,0.0,0.0,99.99,N,0.0,N,0.0,0.0,7,3,71.7,3,71.7,9,N,N,5,9,8,,,,318,24,N  ,N  ,N  ,,,,0.0,0.0,0.0,,,,,0,N,2,,0,0,0.0,N,N,N,N,0,,Y,8,32,2033,,N,100.0
,COUNTY RD at BLUE RIVER TRIB at T7N R4E SEC 13/14,C007624710,2018,317,C007624710,1,4,1,00000,0,1,151,0,BLUE RIVER TRIB,,COUNTY RD,T7N R4E SEC 13/14,99.99,0.0,0,0000000000,0.0,40.572325000000006,-96.93136666666668,0,3,2,2,9,2017,Steel,Culvert (includes frame culverts),N,N,N,9,2,0,200,0.0,2003,A,8.5,0,10,0,N,N,N,N,5,0,0.0,0.0,A,1,5,3,19,0,0,2,0,8.5,2.8,6.5,0.0,0.0,0.0,0.0,99.99,N,0.0,N,0.0,0.0,8,3,41.7,3,32.7,9,N,N,5,8,8,,,,717,24,N  ,N  ,N  ,,,,0.0,0.0,0.0,,,,,0,N,2,,0,0,0.0,N,N,N,N,0,1.0,Y,8,350,2033,,N,100.0
,COUNTY RD M at STREAM at 1.7W OF WANAHOO DAM,C007803030,2018,317,C007803030,1,4,1,00030,0,1,155,0,STREAM,,COUNTY RD M,1.7W OF WANAHOO DAM,99.99,0.0,0,0000000000,0.0,41.23446111111111,-96.64313333333334,50,3,2,2,9,1935,Steel,Stringer/Multi-beam or Girder,5,7,3,N,2,0,50,0.0,2003,0,5.5,0,0,0,0,0,0,0,5,N,0.0,0.0,P,1,5,3,2,0,0,1,0,6.1,6.7,6.7,0.0,0.0,6.1,6.1,99.99,N,0.0,N,0.0,0.0,7,1,4.5,1,2.7,3,5,N,1,6,7,,,,218,24,N  ,N  ,Y24,,,101.0,0.0,0.0,0.0,,,,,0,N,2,,0,0,0.0,1,1,0,0,0,1.0,Y,4,72,2033,,N,38.6
,562 AVE at PLEASANT RUN CREEK at 3W 5.3N OF STANTON,C008443030,2018,317,C008443030,1,4,1,00010,0,3,167,0,PLEASANT RUN CREEK,,562 AVE,3W 5.3N OF STANTON,99.99,0.0,0,0000000000,0.0,42.02370555555555,-97.29098611111111,0,3,2,2,9,2015,Steel,Culvert (includes frame culverts),N,N,N,9,2,0,10,0.0,2003,A,8.5,0,0,0,N,N,N,N,5,0,0.0,0.0,A,1,5,3,19,0,0,3,0,8.5,2.4,9.1,0.0,0.0,0.0,0.0,99.99,N,0.0,N,0.0,0.0,9,3,32.7,3,32.7,9,N,N,5,9,8,,,,1017,24,N  ,N  ,N  ,,,,0.0,0.0,0.0,,,,,0,N,2,,0,0,0.0,N,N,N,N,0,1.0,Y,8,17,2033,,N,100.0
,CO RD A at STREAM at 1.4E BYRON,C008504025,2018,317,C008504025,1,4,1,00000,0,1,169,0,STREAM,,CO RD A,1.4E BYRON,99.99,0.0,0,0000000000,0.0,40.00213333333333,-97.73796666666667,50,3,2,2,9,1935,Wood or Timber,Stringer/Multi-beam or Girder,5,5,5,N,2,0,5,0.0,2014,1,7.9,0,0,0,0,0,0,0,5,0,0.0,0.0,A,1,5,7,2,0,0,1,0,7.3,8.8,8.8,0.0,0.0,7.9,7.9,99.99,N,0.0,N,0.0,0.0,5,0,76.2,0,45.4,5,6,N,5,4,4,,,,318,24,N  ,N  ,N  ,,,,0.0,0.0,0.0,,207.0,50.0,000790777403000,0,N,2,,0,0,0.0,9,8,0,0,0,1.0,Y,4,10,2034,,N,80.9
,KS STATELINE at ROSE CREEK at 6.0N 1.5E OF MUNDEN KS,C008505005,2018,317,C008505005,1,4,1,00000,0,1,169,0,ROSE CREEK,,KS STATELINE,6.0N 1.5E OF MUNDEN KS,99.99,0.0,0,0000000000,0.0,40.00212222222222,-97.50914722222223,50,3,2,2,9,1983,Steel,Stringer/Multi-beam or Girder,7,7,7,N,2,0,5,0.0,2014,4,5.8,0,0,0,0,0,0,0,5,0,0.0,0.0,A,1,5,3,2,0,0,3,0,7.3,18.3,31.1,0.0,0.0,7.3,7.5,99.99,N,0.0,N,30.4,0.0,6,2,46.3,2,29.0,7,6,N,5,7,8,,,,418,24,N  ,N  ,N  ,,,,0.0,0.0,0.0,,207.0,50.0,000790801503000,0,N,2,,0,0,0.0,1,0,0,0,0,,Y,4,10,2034,,N,94.9
,CO RD 7 at CREEK at R9E T18N SEC 15/14,C008900713,2018,317,C008900713,1,4,1,00000,0,2,177,0,CREEK,,CO RD 7,R9E T18N SEC 15/14,99.99,0.0,0,0000000000,0.0,41.529183333333336,-96.38646111111112,0,3,2,2,9,2017,Concrete,Culvert (includes frame culverts),N,N,N,9,2,0,25,0.0,2001,A,8.5,0,0,0,N,N,N,N,5,0,0.0,0.0,A,1,5,1,19,0,0,1,0,8.5,3.0,6.3,0.0,0.0,0.0,0.0,99.99,N,0.0,N,0.0,0.0,9,3,51.7,3,40.8,9,N,N,5,7,9,,,,118,24,N  ,N  ,N  ,,,,0.0,0.0,0.0,,,,,0,N,2,,0,0,0.0,N,N,N,N,0,1.0,Y,8,30,2033,,N,100.0
,862 RD at DEER CREEK at 3.85S & 1.6E RANDOLPH,C009000602,2018,317,C009000602,1,4,1,00000,0,3,179,0,DEER CREEK,,862 RD,3.85S & 1.6E RANDOLPH,99.99,0.0,0,0000000000,0.0,42.322675000000004,-97.32693333333333,0,3,2,2,9,2017,Steel,Culvert (includes frame culverts),N,N,N,9,2,0,50,0.0,2003,A,8.5,0,40,0,N,N,N,N,5,0,0.0,0.0,A,1,5,3,19,0,0,3,0,8.5,2.4,9.5,0.0,0.0,0.0,0.0,99.99,N,0.0,N,0.0,0.0,7,3,32.7,3,32.7,9,N,N,5,7,8,,,,917,24,N  ,N  ,N  ,,,,0.0,0.0,0.0,,,,,0,N,2,,0,0,0.0,N,N,N,N,0,1.0,Y,8,75,2033,,N,100.0
,571 AVE at STREAM at 4S 3 E WINSIDE,C009002700,2018,317,C009002700,1,4,1,00027,0,3,179,0,STREAM,,571 AVE,4S 3 E WINSIDE,99.99,0.0,0,0000000000,0.0,42.12371666666667,-97.11542499999999,0,3,2,2,9,2017,Steel,Culvert (includes frame culverts),N,N,N,9,2,0,40,0.0,2003,A,8.5,0,30,0,N,N,N,N,5,0,0.0,0.0,A,1,5,3,19,0,0,3,0,8.5,2.1,8.4,0.0,0.0,0.0,0.0,99.99,N,0.0,N,0.0,0.0,8,1,32.7,1,32.7,9,N,N,5,7,8,,,,417,24,N  ,N  ,N  ,,,,0.0,0.0,0.0,,,,,0,N,2,,0,0,0.0,N,N,N,N,0,1.0,Y,8,68,2033,,N,100.0
,575 AVE at STREAM at 7.5 N 1W OF WAYNE,C009003550,2018,317,C009003550,1,4,1,00027,0,3,179,0,STREAM,,575 AVE,7.5 N 1W OF WAYNE,99.99,0.0,0,0000000000,0.0,42.343825,-97.03729444444444,0,3,2,2,9,2017,Steel,Culvert (includes frame culverts),N,N,N,9,2,0,40,0.0,2003,A,8.5,0,10,0,N,N,N,N,5,0,0.0,0.0,A,1,5,3,19,0,0,3,0,8.5,2.5,9.2,0.0,0.0,0.0,0.0,99.99,N,0.0,N,0.0,0.0,8,1,32.7,1,32.7,9,N,N,5,7,8,,,,417,24,N  ,N  ,N  ,,,,0.0,0.0,0.0,,,,,0,N,2,,0,0,0.0,N,N,N,N,0,1.0,Y,9,68,2033,,N,100.0
,CO RD at CROOKED CREEK at 5E 1/2N BLUE HILL,C009143925P,2018,317,C009143925P,1,4,1,00000,0,4,181,0,CROOKED CREEK,,CO RD,5E 1/2N BLUE HILL,99.99,0.0,0,0000000000,0.0,40.33469166666667,-98.35881111111111,0,3,2,2,9,2017,Concrete,Culvert (includes frame culverts),N,N,N,9,2,0,25,0.0,2001,A,8.5,0,10,0,N,N,N,N,5,0,0.0,0.0,A,1,5,1,19,0,0,3,0,8.5,3.7,11.6,0.0,0.0,0.0,0.0,99.99,N,0.0,N,0.0,0.0,8,3,55.3,3,42.6,9,N,N,5,8,8,,,,1117,24,N  ,N  ,N  ,,,,0.0,0.0,0.0,,,,,0,N,2,,0,0,0.0,N,N,N,N,0,1.0,Y,8,30,2033,,N,100.0
,15TH STREET at DANE CREEK at ORD 15TH N OF TOWN,M1845B3115,2018,317,M1845B3115,1,5,8,00B31,0,4,175,37280,DANE CREEK,,15TH STREET,ORD 15TH N OF TOWN,99.99,0.187,0,0000000000,0.0,41.61230555555556,-98.92783055555556,30,3,4,4,9,2017,Concrete,Culvert (includes frame culverts),N,N,N,9,2,0,25,0.0,2015,A,8.5,0,0,0,N,N,N,N,5,0,0.0,0.0,A,1,5,1,19,0,0,3,0,8.5,10.1,10.1,0.0,0.0,0.0,0.0,99.99,N,0.0,N,0.0,0.0,N,1,41.7,1,32.7,9,N,N,5,N,9,,,,1115,24,N  ,N  ,N  ,,,,0.0,0.0,0.0,,,,,0,N,2,,0,0,0.0,N,N,N,N,0,1.0,Y,8,30,2035,,N,100.0
,N-2 at US-75 at R14E T 8N SE OF NE CITY,S002 50612L,2018,317,S002 50612L,1,3,1,00002,4,1,131,33705,US-75,,N-2,R14E T 8N SE OF NE CITY,99.99,81.452,0,0000000000,0.0,40.653,-95.859,0,3,1,1,12,2017,Prestressed concrete *,Stringer/Multi-beam or Girder,9,9,9,N,2,2,1500,10.0,2016,A,11.9,0,4,0,1,1,1,1,5,N,0.0,0.0,A,1,1,5,2,0,0,1,0,11.9,53.3,53.5,0.4,0.4,11.9,12.7,99.99,H,6.2,H,9.1,9.1,N,3,63.5,3,31.8,7,6,9,5,N,8,,,,716,24,N  ,N  ,N  ,,,,0.0,0.0,0.0,,,,,3,L,1,,1,0,0.0,1,1,0,1,1,1.0,Y,N,2500,2033,,N,99.9
,N-2 at US-75 at R14E T 8N SE OF NE CITY,S002 50612R,2018,317,S002 50612R,1,3,1,00002,2,1,131,33705,US-75,,N-2,R14E T 8N SE OF NE CITY,99.99,81.452,1,0000000000,0.0,40.653,-95.859,0,3,1,1,12,2016,Prestressed concrete *,Stringer/Multi-beam or Girder,9,9,9,N,2,2,1500,10.0,2011,A,11.9,0,4,0,1,1,1,1,5,N,0.0,0.0,A,1,1,5,2,0,0,1,0,30.4,53.3,53.5,0.4,0.4,11.9,12.7,99.99,H,6.2,H,9.1,9.1,N,3,63.5,3,32.7,9,6,9,5,N,9,,,,716,24,N  ,N  ,N  ,,,,0.0,0.0,0.0,,,,,0,L,1,,1,0,0.0,1,1,0,1,1,1.0,Y,N,2500,2033,,N,100.0
,N-79 at STREAM at 1.5S AND 0.8E AGNEW,S079 00804R,2018,317,S079 00804R,1,3,1,00079,0,1,109,0,STREAM,,N-79,1.5S AND 0.8E AGNEW,99.99,1.294,0,0000000000,0.0,40.99469722222222,-96.79910277777778,0,3,1,1,7,2017,Concrete,Culvert (includes frame culverts),N,N,N,9,2,0,2765,10.0,2016,A,7.3,0,0,0,N,N,N,N,5,0,0.0,0.0,A,1,5,1,19,0,0,2,0,9.1,3.7,7.4,0.0,0.0,0.0,0.0,99.99,N,0.0,N,0.0,0.0,9,3,99.9,3,80.5,9,N,N,5,8,8,,,,218,24,N  ,N  ,N  ,,,,0.0,0.0,0.0,,,,,0,N,2,,0,0,0.0,N,N,N,N,0,1.0,Y,8,4562,2036,,N,100.0
,HWY 96 at GRACIE CREEK at 0.25 N CADMUS RESERVOIR,S096 00380,2018,317,S096 00380,1,3,1,00096,0,8,115,0,GRACIE CREEK,,HWY 96,0.25 N CADMUS RESERVOIR,99.99,0.612,0,0000000000,0.0,41.92539722222222,-99.320375,0,3,1,1,7,2012,Concrete,Culvert (includes frame culverts),N,N,N,8,2,0,205,10.0,2016,A,6.7,0,0,0,N,N,N,N,5,0,0.0,0.0,A,1,5,1,19,0,0,3,0,0.0,3.0,9.5,0.0,0.0,0.0,0.0,99.99,N,0.0,N,30.4,30.4,8,3,95.3,3,73.5,8,N,N,5,8,6,,,,118,24,N  ,N  ,N  ,,,,0.0,0.0,0.0,,,,,0,N,2,,0,0,0.0,N,N,N,N,0,1.0,Y,8,267,2036,,N,100.0
,W 13TH at TRIB. OF BLUE RIVER at 460&#39; E/BLUE RIV. BRDG,U062001225,2018,317,U062001225,1,5,1,00012,0,1,151,11370,TRIB. OF BLUE RIVER,,W 13TH,460&#39; E/BLUE RIV. BRDG,99.99,0.0,0,0000000000,0.0,40.62495277777778,-96.97385555555556,0,3,4,4,19,2017,Concrete continuous,Slab,9,9,9,N,2,0,350,10.0,2011,A,9.1,0,20,0,1,1,1,1,5,0,0.0,0.0,A,1,5,2,1,0,0,3,0,9.1,17.1,42.7,0.0,3.5,9.1,13.0,99.99,N,0.0,N,0.0,0.0,9,1,57.2,1,44.5,9,6,N,5,7,9,,,,917,24,N  ,N  ,N  ,,,,0.0,0.0,0.0,,,,,0,N,2,,0,0,0.0,1,1,0,1,0,1.0,Y,8,385,2033,,N,100.0
,E 56TH ST at STREAM at E 56TH AND CHERRY,U135024630,2018,317,U135024630,1,4,1,00000,2,4,19,25055,STREAM,,E 56TH ST,E 56TH AND CHERRY,99.99,0.0,0,0000000000,0.0,40.72821388888889,-99.02634166666667,60,3,4,4,19,2014,Concrete,Culvert (includes frame culverts),N,N,N,8,2,0,200,0.0,2011,A,7.3,0,0,0,N,N,N,N,5,0,0.0,0.0,A,1,5,1,19,0,0,3,0,0.0,3.7,11.4,0.0,0.0,0.0,0.0,0.0,N,0.0,N,0.0,0.0,9,1,41.7,1,32.7,8,N,N,5,9,8,,,,817,24,N  ,N  ,N  ,,,,0.0,0.0,0.0,,,,,0,N,2,,0,0,0.0,N,N,N,N,0,1.0,Y,8,350,2033,,N,97.3
,BURT STREET at STREAM at BURT ST WEST OF 174 ST.,U182512903P,2018,317,U182512903P,1,4,1,00129,0,2,55,37000,STREAM,,BURT STREET,BURT ST WEST OF 174 ST.,99.99,0.0,0,0000000000,0.0,41.264722222222225,-96.19,30,3,4,4,19,2001,Concrete,Culvert (includes frame culverts),N,N,N,6,3,0,5,0.0,2001,5,11.6,0,7,0,N,N,N,N,5,0,0.0,0.0,A,1,5,1,19,0,0,2,0,30.1,3.7,7.6,0.0,0.0,0.0,0.0,99.99,N,0.0,N,0.0,0.0,7,0,32.7,0,21.8,6,N,N,5,8,8,,,,817,24,N  ,N  ,N  ,,,,0.0,0.0,0.0,2012.0,,,,0,N,2,,0,0,0.0,N,N,N,N,0,1.0,Y,8,8,2033,,N,88.8
